Unique ID,Title,Source,Owner,Status,Category,
1,What is Geology? ,http://en.wikipedia.org/wiki/Geology#Geologic_materials,Lisa,Done,All About Geology,www.geology101.com/allaboutgeology/whatisgeology
2,What is Earth Science?,http://en.wikipedia.org/wiki/Earth_science,Lisa,Done,All About Geology,www.geology101.com/allaboutgeology/whatisearthscience
3,Geologist Terminology,http://en.wikipedia.org/wiki/Category:Geology_terminology,Lisa,Done,All About Geology,www.geology101.com/allaboutgeology/geologistterminology
4,Methods of Geology,http://en.wikipedia.org/wiki/Geology#Methods_of_geology,Lisa,Done,All About Geology,www.geology101.com/allaboutgeology/methodsofgeology
5,Geologist Tools ,http://geology.com/store/,Lisa,Done,All About Geology,www.geology101.com/allaboutgeology/geologisttools
6,"Rocks, What is?",http://geology.com/rocks/,Lisa,Done,Types of Rocks,www.geology101.com/typesofrocks/rocks
7,Sedimentary Rocks,http://geology.com/rocks/sedimentary-rocks.shtml,Lisa,Done,Types of Rocks,www.geology101.com//typesofrocks/sedimentaryrocks
8,Igneous Rocks,http://geology.com/rocks/igneous-rocks.shtml,Lisa,Done,Types of Rocks,www.geology101.com/typesofrocks/igneousrocks
9,Metamorphic Rocks,http://geology.com/rocks/metamorphic-rocks.shtml,Lisa,Done,Types of Rocks,www.geology101.com/typesofrocks/metamorphicrocks
10,Minerals ,http://geology.com/minerals/,Lisa,Done,Minerals and Gemstones,www.geology101.com/mineralsandgemstones/minerals
11,Chemical Properties of Minerals,http://www.minerals.net/resource/chemical_properties.aspx,Lisa,Done,Minerals and Gemstones,www.geology101.com/mineralsandgemstones/chemicalproperties
12,Gemstones,http://en.wikipedia.org/wiki/Gemstone,Lisa,Done,Minerals and Gemstones,www.geology101.com/mineralsandgemstones/gemstones
13,"Popular Rocks, Gems, and Minerals",http://science.nationalgeographic.com/science/photos/gems/,Lisa,Done,Geology Extras,www.geology101.com/geologyextras/popularphotos
14,Fossils,http://geology.com/fossils/,Lisa,Done,Geology Extras,www.geology101.com/geologyextras/fossils
15,Fun Facts,http://www.sciencekids.co.nz/sciencefacts/earth/rocksandminerals.html,Lisa,Done,Geology Extras,www.geology101.com/geologyextras/funfacts